{"cameraMode":{"drawMode":0,"name":"Shaded","section":"Shading Mode"},"sceneLighting":false,"audioPlay":false,"sceneViewState":{"m_AlwaysRefresh":false,"showFog":true,"showSkybox":false,"showFlares":true,"showImageEffects":true,"showParticleSystems":true,"showVisualEffectGraphs":true,"m_FxEnabled":true},"in2DMode":false,"pivot":{"x":-11.635043144226075,"y":4.5725507736206059,"z":3.556192398071289},"rotation":{"x":0.11189655214548111,"y":0.7986236810684204,"z":-0.15677601099014283,"w":0.5702978372573853},"size":0.000017320508050033823,"orthographic":false}