{"cameraMode":{"drawMode":0,"name":"Shaded","section":"Shading Mode"},"sceneLighting":false,"audioPlay":false,"sceneViewState":{"m_AlwaysRefresh":false,"showFog":true,"showSkybox":false,"showFlares":true,"showImageEffects":true,"showParticleSystems":true,"showVisualEffectGraphs":true,"m_FxEnabled":true},"in2DMode":false,"pivot":{"x":-4.857376575469971,"y":1.1938399076461793,"z":6.525585651397705},"rotation":{"x":0.024830644950270654,"y":0.9471784234046936,"z":-0.07576586306095123,"w":0.310861200094223},"size":0.000017320508050033823,"orthographic":false}