{"cameraMode":{"drawMode":0,"name":"Shaded","section":"Shading Mode"},"sceneLighting":true,"audioPlay":false,"sceneViewState":{"m_AlwaysRefresh":false,"showFog":true,"showSkybox":true,"showFlares":true,"showImageEffects":true,"showParticleSystems":true,"showVisualEffectGraphs":true,"m_FxEnabled":true},"in2DMode":false,"pivot":{"x":15.493239402770996,"y":5.3279900550842289,"z":-27.121023178100587},"rotation":{"x":0.0012423655716702343,"y":1.000304937362671,"z":-0.0009030600194819272,"w":-0.004760480020195246},"size":9.415438652038575,"orthographic":false}