{"cameraMode":{"drawMode":0,"name":"Shaded","section":"Shading Mode"},"sceneLighting":true,"audioPlay":false,"sceneViewState":{"m_AlwaysRefresh":false,"showFog":true,"showSkybox":true,"showFlares":true,"showImageEffects":true,"showParticleSystems":true,"showVisualEffectGraphs":true,"m_FxEnabled":true},"in2DMode":false,"pivot":{"x":11.640971183776856,"y":5.458762168884277,"z":26.338563919067384},"rotation":{"x":0.009652391076087952,"y":-0.12066910415887833,"z":0.0026339059695601465,"w":0.9929563403129578},"size":9.415438652038575,"orthographic":false}