{"cameraMode":{"drawMode":0,"name":"Shaded","section":"Shading Mode"},"sceneLighting":true,"audioPlay":false,"sceneViewState":{"m_AlwaysRefresh":false,"showFog":true,"showSkybox":true,"showFlares":true,"showImageEffects":true,"showParticleSystems":true,"showVisualEffectGraphs":true,"m_FxEnabled":true},"in2DMode":false,"pivot":{"x":-13.890751838684082,"y":7.130198001861572,"z":-30.499792098999025},"rotation":{"x":0.0010447005042806268,"y":-0.9987940788269043,"z":-0.024577755481004716,"w":-0.043816693127155307},"size":9.12024974822998,"orthographic":false}