{"cameraMode":{"drawMode":0,"name":"Shaded","section":"Shading Mode"},"sceneLighting":true,"audioPlay":false,"sceneViewState":{"m_AlwaysRefresh":false,"showFog":true,"showSkybox":true,"showFlares":true,"showImageEffects":true,"showParticleSystems":true,"showVisualEffectGraphs":true,"m_FxEnabled":true},"in2DMode":false,"pivot":{"x":-3.23762583732605,"y":5.513059139251709,"z":-38.447105407714847},"rotation":{"x":0.0035318078007549049,"y":-0.9499615430831909,"z":0.010838528163731099,"w":0.31234127283096316},"size":9.12024974822998,"orthographic":false}