{"cameraMode":{"drawMode":0,"name":"Shaded","section":"Shading Mode"},"sceneLighting":true,"audioPlay":false,"sceneViewState":{"m_AlwaysRefresh":false,"showFog":true,"showSkybox":true,"showFlares":true,"showImageEffects":true,"showParticleSystems":true,"showVisualEffectGraphs":true,"m_FxEnabled":true},"in2DMode":false,"pivot":{"x":-18.707496643066408,"y":5.95386266708374,"z":-16.927242279052736},"rotation":{"x":0.0007814346463419497,"y":-0.9945008158683777,"z":0.020433472469449045,"w":0.10569137334823609},"size":8.62199878692627,"orthographic":false}