{"cameraMode":{"drawMode":0,"name":"Shaded","section":"Shading Mode"},"sceneLighting":true,"audioPlay":false,"sceneViewState":{"m_AlwaysRefresh":false,"showFog":true,"showSkybox":true,"showFlares":true,"showImageEffects":true,"showParticleSystems":true,"showVisualEffectGraphs":true,"m_FxEnabled":true},"in2DMode":false,"pivot":{"x":-1.6221781969070435,"y":2.9597818851470949,"z":-2.2137067317962648},"rotation":{"x":-0.015651071444153787,"y":-0.9723913669586182,"z":0.06806991249322891,"w":-0.2229011058807373},"size":9.12024974822998,"orthographic":false}