{"cameraMode":{"drawMode":0,"name":"Shaded","section":"Shading Mode"},"sceneLighting":true,"audioPlay":false,"sceneViewState":{"m_AlwaysRefresh":false,"showFog":true,"showSkybox":true,"showFlares":true,"showImageEffects":true,"showParticleSystems":true,"showVisualEffectGraphs":true,"m_FxEnabled":true},"in2DMode":false,"pivot":{"x":-3.1327531337738039,"y":6.237713813781738,"z":6.6465678215026859},"rotation":{"x":-0.0006521404720842838,"y":-0.996809184551239,"z":0.006977392360568047,"w":0.08328546583652497},"size":8.62199878692627,"orthographic":false}