{"cameraMode":{"drawMode":0,"name":"Shaded","section":"Shading Mode"},"sceneLighting":true,"audioPlay":false,"sceneViewState":{"m_AlwaysRefresh":false,"showFog":true,"showSkybox":true,"showFlares":true,"showImageEffects":true,"showParticleSystems":true,"showVisualEffectGraphs":true,"m_FxEnabled":true},"in2DMode":false,"pivot":{"x":-6.2135233879089359,"y":4.456478118896484,"z":-2.583770990371704},"rotation":{"x":-0.0016837919829413295,"y":0.9982600212097168,"z":0.03595306724309921,"w":0.04674945026636124},"size":1.3910706043243409,"orthographic":false}