{"cameraMode":{"drawMode":0,"name":"Shaded","section":"Shading Mode"},"sceneLighting":true,"audioPlay":false,"sceneViewState":{"m_AlwaysRefresh":false,"showFog":true,"showSkybox":true,"showFlares":true,"showImageEffects":true,"showParticleSystems":true,"showVisualEffectGraphs":true,"m_FxEnabled":true},"in2DMode":false,"pivot":{"x":-15.904707908630371,"y":6.709561347961426,"z":-5.494508266448975},"rotation":{"x":-0.04416269436478615,"y":-0.1484399288892746,"z":-0.006773178931325674,"w":0.9879919290542603},"size":2.9371564388275148,"orthographic":false}