{"cameraMode":{"drawMode":0,"name":"Shaded","section":"Shading Mode"},"sceneLighting":true,"audioPlay":false,"sceneViewState":{"m_AlwaysRefresh":false,"showFog":true,"showSkybox":true,"showFlares":true,"showImageEffects":true,"showParticleSystems":true,"showVisualEffectGraphs":true,"m_FxEnabled":true},"in2DMode":false,"pivot":{"x":-1.932976245880127,"y":4.579295635223389,"z":-39.63642883300781},"rotation":{"x":0.008277981542050839,"y":-0.9609935879707336,"z":0.029150815680623056,"w":0.27470120787620547},"size":2.922849416732788,"orthographic":false}