{"cameraMode":{"drawMode":0,"name":"Shaded","section":"Shading Mode"},"sceneLighting":false,"audioPlay":false,"sceneViewState":{"m_AlwaysRefresh":false,"showFog":true,"showSkybox":true,"showFlares":true,"showImageEffects":true,"showParticleSystems":true,"showVisualEffectGraphs":true,"m_FxEnabled":true},"in2DMode":false,"pivot":{"x":2.3891305923461916,"y":8.803049087524414,"z":-5.036458492279053},"rotation":{"x":-0.004498987924307585,"y":0.02099822461605072,"z":0.00009449235221836716,"w":0.9997682571411133},"size":18.09299659729004,"orthographic":false}