{"cameraMode":{"drawMode":0,"name":"Shaded","section":"Shading Mode"},"sceneLighting":true,"audioPlay":false,"sceneViewState":{"m_AlwaysRefresh":false,"showFog":true,"showSkybox":true,"showFlares":true,"showImageEffects":true,"showParticleSystems":true,"showVisualEffectGraphs":true,"m_FxEnabled":true},"in2DMode":false,"pivot":{"x":-7.129437446594238,"y":-13.982487678527832,"z":22.935565948486329},"rotation":{"x":-0.27839186787605288,"y":0.13399462401866914,"z":-0.03927161172032356,"w":-0.9502339363098145},"size":24.21451187133789,"orthographic":false}