{"cameraMode":{"drawMode":0,"name":"Shaded","section":"Shading Mode"},"sceneLighting":true,"audioPlay":false,"sceneViewState":{"m_AlwaysRefresh":false,"showFog":true,"showSkybox":true,"showFlares":true,"showImageEffects":true,"showParticleSystems":true,"showVisualEffectGraphs":true,"m_FxEnabled":true},"in2DMode":false,"pivot":{"x":331.3372497558594,"y":278.6066589355469,"z":278.61859130859377},"rotation":{"x":0.06893905252218247,"y":0.002077945275232196,"z":0.0002607401111163199,"w":-0.9975292086601257},"size":499.0550842285156,"orthographic":false}