{"cameraMode":{"drawMode":0,"name":"Shaded","section":"Shading Mode"},"sceneLighting":true,"audioPlay":false,"sceneViewState":{"m_AlwaysRefresh":false,"showFog":true,"showSkybox":true,"showFlares":true,"showImageEffects":true,"showParticleSystems":true,"showVisualEffectGraphs":true,"m_FxEnabled":true},"in2DMode":false,"pivot":{"x":24.335969924926759,"y":-13.383801460266114,"z":-37.25056076049805},"rotation":{"x":-0.045195866376161578,"y":-0.9547832608222961,"z":0.20949609577655793,"w":-0.2058861404657364},"size":22.84531021118164,"orthographic":false}