{"cameraMode":{"drawMode":0,"name":"Shaded","section":"Shading Mode"},"sceneLighting":false,"audioPlay":false,"sceneViewState":{"m_AlwaysRefresh":false,"showFog":true,"showSkybox":false,"showFlares":true,"showImageEffects":true,"showParticleSystems":true,"showVisualEffectGraphs":true,"m_FxEnabled":true},"in2DMode":false,"pivot":{"x":2.1752748580183835e-7,"y":0.0000017978818505071104,"z":-0.000001762889041856397},"rotation":{"x":0.12207753211259842,"y":0.840822696685791,"z":-0.21276439726352693,"w":0.48268717527389529},"size":0.000017320508050033823,"orthographic":false}