{"cameraMode":{"drawMode":0,"name":"Shaded","section":"Shading Mode"},"sceneLighting":false,"audioPlay":false,"sceneViewState":{"m_AlwaysRefresh":false,"showFog":true,"showSkybox":false,"showFlares":true,"showImageEffects":true,"showParticleSystems":true,"showVisualEffectGraphs":true,"m_FxEnabled":true},"in2DMode":false,"pivot":{"x":0.14875221252441407,"y":0.5339100360870361,"z":-0.06382369995117188},"rotation":{"x":0.08644106984138489,"y":0.8247036337852478,"z":-0.1312609761953354,"w":0.543418824672699},"size":12.568705558776856,"orthographic":false}