{"cameraMode":{"drawMode":0,"name":"Shaded","section":"Shading Mode"},"sceneLighting":false,"audioPlay":false,"sceneViewState":{"m_AlwaysRefresh":false,"showFog":true,"showSkybox":false,"showFlares":true,"showImageEffects":true,"showParticleSystems":true,"showVisualEffectGraphs":true,"m_FxEnabled":true},"in2DMode":false,"pivot":{"x":-3.1270055770874025,"y":1.7220417261123658,"z":1.4246002435684205},"rotation":{"x":0.14216749370098115,"y":0.822331428527832,"z":-0.2345471829175949,"w":0.498686820268631},"size":0.000017320508050033823,"orthographic":false}